Usuário,IP,Data Exportação
admin,192.168.1.100,2025-11-20 17:02
admin,192.168.1.100,2025-11-20 17:02
admin,192.168.1.100,2025-11-20 17:02
admin,192.168.1.100,2025-11-20 17:02
admin,192.168.1.100,2025-11-20 17:02
admin,192.168.1.100,2025-11-20 17:02
admin,192.168.1.100,2025-11-20 17:02
admin,192.168.1.100,2025-11-20 17:02
admin,192.168.1.100,2025-11-20 17:02
admin,192.168.1.100,2025-11-20 17:02
admin,192.168.1.100,2025-11-20 17:02
admin,192.168.1.100,2025-11-20 17:02
admin,192.168.1.100,2025-11-20 17:02
admin,192.168.1.100,2025-11-20 17:02
admin,192.168.1.100,2025-11-20 17:02
admin,192.168.1.100,2025-11-20 17:02
admin,192.168.1.100,2025-11-20 17:02
admin,192.168.1.100,2025-11-20 17:02
admin,192.168.1.100,2025-11-20 17:02
admin,192.168.1.100,2025-11-20 17:02
admin,192.168.1.100,2025-11-20 17:02
admin,192.168.1.100,2025-11-20 17:02
admin,192.168.1.100,2025-11-20 17:02
admin,192.168.1.100,2025-11-20 17:02
admin,192.168.1.100,2025-11-20 17:02
admin,192.168.1.100,2025-11-20 17:02
admin,192.168.1.100,2025-11-20 17:02
admin,192.168.1.100,2025-11-20 17:02
admin,192.168.1.100,2025-11-20 17:02
admin,192.168.1.100,2025-11-20 17:02
admin,192.168.1.100,2025-11-20 17:02
admin,192.168.1.100,2025-11-20 17:02
admin,192.168.1.100,2025-11-20 17:02
admin,192.168.1.100,2025-11-20 17:02
admin,192.168.1.100,2025-11-20 17:02
admin,192.168.1.100,2025-11-20 17:02
admin,192.168.1.100,2025-11-20 17:02
admin,192.168.1.100,2025-11-20 17:02
admin,192.168.1.100,2025-11-20 17:02
admin,192.168.1.100,2025-11-20 17:02
admin,192.168.1.100,2025-11-20 17:02
admin,192.168.1.100,2025-11-20 17:02
admin,192.168.1.100,2025-11-20 17:02
admin,192.168.1.100,2025-11-20 17:02
admin,192.168.1.100,2025-11-20 17:02
admin,192.168.1.100,2025-11-20 17:02
admin,192.168.1.100,2025-11-20 17:02
admin,192.168.1.100,2025-11-20 17:02
admin,192.168.1.100,2025-11-20 17:02
admin,192.168.1.100,2025-11-20 17:02
root,10.10.10.5,2025-11-20 17:02
root,10.10.10.5,2025-11-20 17:02
root,10.10.10.5,2025-11-20 17:02
root,10.10.10.5,2025-11-20 17:02
root,10.10.10.5,2025-11-20 17:02
root,10.10.10.5,2025-11-20 17:02
root,10.10.10.5,2025-11-20 17:02
root,10.10.10.5,2025-11-20 17:02
root,10.10.10.5,2025-11-20 17:02
root,10.10.10.5,2025-11-20 17:02
root,10.10.10.5,2025-11-20 17:02
root,10.10.10.5,2025-11-20 17:02
root,10.10.10.5,2025-11-20 17:02
root,10.10.10.5,2025-11-20 17:02
root,10.10.10.5,2025-11-20 17:02
root,10.10.10.5,2025-11-20 17:02
root,10.10.10.5,2025-11-20 17:02
root,10.10.10.5,2025-11-20 17:02
root,10.10.10.5,2025-11-20 17:02
root,10.10.10.5,2025-11-20 17:02
admin,192.168.1.15,2025-11-20 17:02
admin,192.168.1.15,2025-11-20 17:02
admin,192.168.1.15,2025-11-20 17:02
root,10.0.0.5,2025-11-20 17:02
guest,45.33.22.11,2025-11-20 17:02
guest,45.33.22.11,2025-11-20 17:02
support,192.168.1.200,2025-11-20 17:02
admin,192.168.1.15,2025-11-20 17:02
admin,192.168.1.15,2025-11-20 17:02
admin,192.168.1.15,2025-11-20 17:02
root,10.0.0.5,2025-11-20 17:02
guest,45.33.22.11,2025-11-20 17:02
guest,45.33.22.11,2025-11-20 17:02
support,192.168.1.200,2025-11-20 17:02
admin,192.168.1.15,2025-11-20 17:02
admin,192.168.1.15,2025-11-20 17:02
admin,192.168.1.15,2025-11-20 17:02
root,10.0.0.5,2025-11-20 17:02
guest,45.33.22.11,2025-11-20 17:02
guest,45.33.22.11,2025-11-20 17:02
support,192.168.1.200,2025-11-20 17:02
admin,192.168.1.15,2025-11-20 17:02
admin,192.168.1.15,2025-11-20 17:02
admin,192.168.1.15,2025-11-20 17:02
root,10.0.0.5,2025-11-20 17:02
guest,45.33.22.11,2025-11-20 17:02
guest,45.33.22.11,2025-11-20 17:02
support,192.168.1.200,2025-11-20 17:02
admin,192.168.1.15,2025-11-20 17:02
admin,192.168.1.15,2025-11-20 17:02
admin,192.168.1.15,2025-11-20 17:02
root,10.0.0.5,2025-11-20 17:02
guest,45.33.22.11,2025-11-20 17:02
guest,45.33.22.11,2025-11-20 17:02
support,192.168.1.200,2025-11-20 17:02
admin,192.168.1.15,2025-11-20 17:02
admin,192.168.1.15,2025-11-20 17:02
admin,192.168.1.15,2025-11-20 17:02
root,10.0.0.5,2025-11-20 17:02
guest,45.33.22.11,2025-11-20 17:02
guest,45.33.22.11,2025-11-20 17:02
support,192.168.1.200,2025-11-20 17:02
admin,192.168.1.15,2025-11-20 17:02
admin,192.168.1.15,2025-11-20 17:02
admin,192.168.1.15,2025-11-20 17:02
root,10.0.0.5,2025-11-20 17:02
guest,45.33.22.11,2025-11-20 17:02
guest,45.33.22.11,2025-11-20 17:02
support,192.168.1.200,2025-11-20 17:02
admin,192.168.1.15,2025-11-20 17:02
admin,192.168.1.15,2025-11-20 17:02
admin,192.168.1.15,2025-11-20 17:02
root,10.0.0.5,2025-11-20 17:02
guest,45.33.22.11,2025-11-20 17:02
guest,45.33.22.11,2025-11-20 17:02
support,192.168.1.200,2025-11-20 17:02
admin,192.168.1.15,2025-11-20 17:02
admin,192.168.1.15,2025-11-20 17:02
admin,192.168.1.15,2025-11-20 17:02
root,10.0.0.5,2025-11-20 17:02
guest,45.33.22.11,2025-11-20 17:02
guest,45.33.22.11,2025-11-20 17:02
support,192.168.1.200,2025-11-20 17:02
admin,192.168.1.15,2025-11-20 17:02
admin,192.168.1.15,2025-11-20 17:02
admin,192.168.1.15,2025-11-20 17:02
root,10.0.0.5,2025-11-20 17:02
guest,45.33.22.11,2025-11-20 17:02
guest,45.33.22.11,2025-11-20 17:02
support,192.168.1.200,2025-11-20 17:02
admin,192.168.1.15,2025-11-20 17:02
admin,192.168.1.15,2025-11-20 17:02
admin,192.168.1.15,2025-11-20 17:02
root,10.0.0.5,2025-11-20 17:02
guest,45.33.22.11,2025-11-20 17:02
guest,45.33.22.11,2025-11-20 17:02
support,192.168.1.200,2025-11-20 17:02
admin,192.168.1.15,2025-11-20 17:02
admin,192.168.1.15,2025-11-20 17:02
admin,192.168.1.15,2025-11-20 17:02
root,10.0.0.5,2025-11-20 17:02
guest,45.33.22.11,2025-11-20 17:02
guest,45.33.22.11,2025-11-20 17:02
support,192.168.1.200,2025-11-20 17:02
admin,192.168.1.15,2025-11-20 17:02
admin,192.168.1.15,2025-11-20 17:02
admin,192.168.1.15,2025-11-20 17:02
root,10.0.0.5,2025-11-20 17:02
guest,45.33.22.11,2025-11-20 17:02
guest,45.33.22.11,2025-11-20 17:02
support,192.168.1.200,2025-11-20 17:02
admin,192.168.1.15,2025-11-20 17:02
admin,192.168.1.15,2025-11-20 17:02
admin,192.168.1.15,2025-11-20 17:02
root,10.0.0.5,2025-11-20 17:02
guest,45.33.22.11,2025-11-20 17:02
guest,45.33.22.11,2025-11-20 17:02
support,192.168.1.200,2025-11-20 17:02
admin,192.168.1.15,2025-11-20 17:02
admin,192.168.1.15,2025-11-20 17:02
admin,192.168.1.15,2025-11-20 17:02
root,10.0.0.5,2025-11-20 17:02
guest,45.33.22.11,2025-11-20 17:02
guest,45.33.22.11,2025-11-20 17:02
support,192.168.1.200,2025-11-20 17:02
