Data/Hora,UsuÃ¡rio,IP
2025-10-20 08:15:23,admin,185.222.123.45
2025-10-20 08:15:27,admin,185.222.123.45
2025-10-20 08:15:30,root,203.0.113.55
2025-10-20 08:17:11,user2,10.0.0.5
2025-10-20 08:18:05,admin,185.222.123.45
2025-10-20 08:19:09,admin,185.222.123.45
2025-10-20 08:20:33,guest,198.51.100.12
2025-10-20 08:21:00,testuser,203.0.113.55
2025-10-20 08:21:22,admin,185.222.123.45
2025-10-20 08:23:11,user3,10.0.0.5
2025-10-20 08:24:01,unknown,203.0.113.55
2025-10-20 08:25:00,root,192.0.2.55
2025-10-20 08:25:30,administrator,203.0.113.55
2025-10-20 08:26:11,alice,203.0.113.100
2025-10-20 08:27:05,admin,185.222.123.45
2025-10-20 08:29:12,guest,198.51.100.12
2025-10-20 08:30:01,admin,185.222.123.45
2025-10-20 08:31:45,test,10.0.0.8
2025-10-20 08:32:21,bob,192.0.2.44
2025-10-20 08:33:09,admin,185.222.123.45
2025-10-20 08:34:00,carol,203.0.113.55
2025-10-20 08:35:12,user4,10.0.0.5
2025-10-20 08:36:20,admin,185.222.123.45
2025-10-20 08:37:55,service,198.51.100.12
2025-10-20 08:38:33,testuser,203.0.113.55
2025-10-20 08:39:11,admin,185.222.123.45
2025-10-20 08:40:00,root,192.0.2.100
2025-10-20 08:41:22,admin,203.0.113.210
2025-10-20 08:42:09,guest,198.51.100.12
2025-10-20 08:43:55,admin,185.222.123.45
2025-10-20 08:44:40,user5,203.0.113.55
