ip,date,method,url,status,hour
192.168.1.10,2025-01-01 00:01:10,POST,/login,401,2025-01-01 00:00:00
192.168.1.10,2025-01-01 00:01:15,POST,/login,401,2025-01-01 00:00:00
192.168.1.10,2025-01-01 00:01:20,POST,/login,401,2025-01-01 00:00:00
192.168.1.10,2025-01-01 00:01:25,POST,/login,401,2025-01-01 00:00:00
192.168.1.10,2025-01-01 00:01:30,POST,/login,401,2025-01-01 00:00:00
192.168.1.10,2025-01-01 00:01:35,POST,/login,401,2025-01-01 00:00:00
192.168.1.10,2025-01-01 00:01:40,POST,/login,401,2025-01-01 00:00:00
192.168.1.10,2025-01-01 00:01:45,POST,/login,401,2025-01-01 00:00:00
192.168.1.10,2025-01-01 00:01:50,POST,/login,401,2025-01-01 00:00:00
192.168.1.10,2025-01-01 00:01:55,POST,/login,401,2025-01-01 00:00:00
192.168.1.10,2025-01-01 00:02:00,POST,/login,401,2025-01-01 00:00:00
45.77.89.100,2025-01-01 00:05:10,GET,/admin,403,2025-01-01 00:00:00
45.77.89.100,2025-01-01 00:05:15,GET,/admin,403,2025-01-01 00:00:00
45.77.89.100,2025-01-01 00:05:20,GET,/admin,403,2025-01-01 00:00:00
91.240.118.172,2025-01-01 01:10:00,GET,/wp-admin,403,2025-01-01 01:00:00
91.240.118.172,2025-01-01 01:10:05,GET,/wp-admin,403,2025-01-01 01:00:00
